Workbook

Sheet Dashboard
A1: FiFB Agile Coding Task Tracker - Solo Project
A3: Metric | B3: Value | D3: Status | E3: Count | G3: Priority | H3: Count
A4: Total Tasks | B4: =COUNTA('Product Backlog'!$A$2:$A$200) -> 82 | D4: Not Started | E4: =COUNTIF('Product Backlog'!$I:$I,D4) -> 77 | G4: Must Have | H4: =COUNTIF('Product Backlog'!$H:$H,G4) -> 55
A5: Done | B5: =COUNTIF('Product Backlog'!$I:$I,"Done") -> 5 | D5: In Progress | E5: =COUNTIF('Product Backlog'!$I:$I,D5) -> 0 | G5: Should Have | H5: =COUNTIF('Product Backlog'!$H:$H,G5) -> 22
A6: In Progress | B6: =COUNTIF('Product Backlog'!$I:$I,"In Progress") -> 0 | D6: Blocked | E6: =COUNTIF('Product Backlog'!$I:$I,D6) -> 0 | G6: Could Have | H6: =COUNTIF('Product Backlog'!$H:$H,G6) -> 2
A7: Blocked | B7: =COUNTIF('Product Backlog'!$I:$I,"Blocked") -> 0 | D7: Review | E7: =COUNTIF('Product Backlog'!$I:$I,D7) -> 0 | G7: Won't Have | H7: =COUNTIF('Product Backlog'!$H:$H,G7) -> 3
A8: Completion % | B8: =IF(B4=0,0,B5/B4) -> 0.06097561 | D8: Done | E8: =COUNTIF('Product Backlog'!$I:$I,D8) -> 5 | G8: Total Hours | H8: =SUM(#REF!) -> #REF!
D9: Cancelled | E9: =COUNTIF('Product Backlog'!$I:$I,D9) -> 0
A11: Sprint | B11: Total Tasks | C11: Done | D11: Hours | E11: Status
A12: Sprint 0 | B12: =COUNTIF('Product Backlog'!$B:$B,A12) -> 12 | C12: =COUNTIFS('Product Backlog'!$B:$B,A12,'Product Backlog'!$I:$I,"Done") -> 5 | D12: =SUMIF('Product Backlog'!$B:$B,A12,#REF!) -> #N/A | E12: =IF(B12=C12,"Done",IF(C12>0,"In Progress","Not Started")) -> In Progress
A13: Sprint 1 | B13: =COUNTIF('Product Backlog'!$B:$B,A13) -> 15 | C13: =COUNTIFS('Product Backlog'!$B:$B,A13,'Product Backlog'!$I:$I,"Done") -> 0 | D13: =SUMIF('Product Backlog'!$B:$B,A13,#REF!) -> #N/A | E13: =IF(B13=C13,"Done",IF(C13>0,"In Progress","Not Started")) -> Not Started
A14: Sprint 2 | B14: =COUNTIF('Product Backlog'!$B:$B,A14) -> 14 | C14: =COUNTIFS('Product Backlog'!$B:$B,A14,'Product Backlog'!$I:$I,"Done") -> 0 | D14: =SUMIF('Product Backlog'!$B:$B,A14,#REF!) -> #N/A | E14: =IF(B14=C14,"Done",IF(C14>0,"In Progress","Not Started")) -> Not Started
A15: Sprint 3 | B15: =COUNTIF('Product Backlog'!$B:$B,A15) -> 16 | C15: =COUNTIFS('Product Backlog'!$B:$B,A15,'Product Backlog'!$I:$I,"Done") -> 0 | D15: =SUMIF('Product Backlog'!$B:$B,A15,#REF!) -> #N/A | E15: =IF(B15=C15,"Done",IF(C15>0,"In Progress","Not Started")) -> Not Started
A16: Sprint 4 | B16: =COUNTIF('Product Backlog'!$B:$B,A16) -> 16 | C16: =COUNTIFS('Product Backlog'!$B:$B,A16,'Product Backlog'!$I:$I,"Done") -> 0 | D16: =SUMIF('Product Backlog'!$B:$B,A16,#REF!) -> #N/A | E16: =IF(B16=C16,"Done",IF(C16>0,"In Progress","Not Started")) -> Not Started
A17: Sprint 5 | B17: =COUNTIF('Product Backlog'!$B:$B,A17) -> 9 | C17: =COUNTIFS('Product Backlog'!$B:$B,A17,'Product Backlog'!$I:$I,"Done") -> 0 | D17: =SUMIF('Product Backlog'!$B:$B,A17,#REF!) -> #N/A | E17: =IF(B17=C17,"Done",IF(C17>0,"In Progress","Not Started")) -> Not Started
A20: How to use
A21: 1. Work from Sprint 0 to Sprint 5. Update Status column in Product Backlog.
A22: 2. Vì dự án chỉ có 1 người làm, Owner mặc định là Me. Có thể đổi thành tên của bạn.
A23: 3. Khi scope thay đổi, thêm task mới vào cuối Product Backlog và cập nhật Sprint Plan.

Sheet Product Backlog
A1: Task ID | B1: Sprint | C1: Epic | D1: Module | E1: Task Type | F1: Task / Feature | G1: Description | H1: Priority | I1: Status | J1: Dependency | K1: Acceptance Criteria | L1: API / Screen | M1: Notes
A2: T-001 | B2: Sprint 0 | C2: Planning & Architecture | D2: Scope | E2: Documentation | F2: Chốt MVP scope | G2: Chốt rõ chức năng trong MVP và chức năng để sau như AI, payment, marketplace. | H2: Must Have | I2: Done | J2: - | K2: Có bảng In Scope / Out of Scope rõ ràng, thống nhất trước khi code. | L2: Document | M2: AI để future scope, chưa code trong MVP.
A3: T-002 | B3: Sprint 0 | C3: Planning & Architecture | D3: Backlog | E3: Documentation | F3: Hoàn thiện Product Backlog | G3: Chia hệ thống thành Epic, User Story và Task có độ ưu tiên. | H3: Must Have | I3: Done | J3: T-001 | K3: Backlog có đầy đủ task cho Auth, Exercise, Trainer, Admin, Notification, Test. | L3: This sheet
A4: T-003 | B4: Sprint 0 | C4: Planning & Architecture | D4: Diagram | E4: Documentation | F4: Sửa Use Case Diagram | G4: Hoàn thiện use case diagram với Guest, User, Trainer kế thừa User, Admin. | H4: Should Have | I4: Done | J4: T-001 | K4: Diagram thể hiện đúng Guest chỉ browse exercise; Trainer kế thừa User; Admin quản lý review. | L4: PlantUML
A5: T-004 | B5: Sprint 0 | C5: Planning & Architecture | D5: Diagram | E5: Documentation | F5: Vẽ Activity Diagram - Auth | G5: Mô tả flow register, verify email, login, refresh token, logout. | H5: Won't Have | I5: Not Started | J5: T-003 | K5: Có activity diagram cho luồng auth chính, bao gồm error flow cơ bản. | L5: PlantUML
A6: T-005 | B6: Sprint 0 | C6: Planning & Architecture | D6: Diagram | E6: Documentation | F6: Vẽ Activity Diagram - User gửi request Trainer | G6: Mô tả luồng User gửi request, Trainer approve/reject, tạo connection. | H6: Won't Have | I6: Not Started | J6: T-003 | K6: Diagram có pending, approved, rejected, cancelled và notification. | L6: PlantUML
A7: T-006 | B7: Sprint 0 | C7: Planning & Architecture | D7: Diagram | E7: Documentation | F7: Vẽ Activity Diagram - Trainer submit exercise | G7: Mô tả luồng Trainer tạo bài tập, Admin duyệt hoặc từ chối. | H7: Won't Have | I7: Not Started | J7: T-003 | K7: Diagram thể hiện pending -> active/rejected và bắt buộc rejection reason khi reject. | L7: PlantUML
A8: T-007 | B8: Sprint 0 | C8: Planning & Architecture | D8: Database | E8: Documentation | F8: Chốt ERD | G8: Vẽ ERD từ schema hiện có: users/auth, trainer, connection, exercise taxonomy, notification, audit. | H8: Must Have | I8: Done | J8: T-001 | K8: ERD có PK/FK, many-to-many exercise taxonomy, relationship User-Trainer. | L8: ERD
A9: T-008 | B9: Sprint 0 | C9: Planning & Architecture | D9: Database | E9: Documentation | F9: Viết Data Dictionary | G9: Mô tả field, type, constraint, enum, nullable của các bảng chính. | H9: Must Have | I9: Done | J9: T-007 | K9: Có dictionary cho app_users, sessions, exercises, taxonomy, requests, notifications, audit_logs. | L9: Document
A10: T-009 | B10: Sprint 0 | C10: Planning & Architecture | D10: API | E10: Documentation | F10: Viết API Contract bản đầu | G10: Định nghĩa endpoint, method, request, response, role access cho các module chính. | H10: Must Have | I10: Not Started | J10: T-008 | K10: API contract có Auth, Exercise, Trainer, Connection, Admin, Notification. | L10: OpenAPI/Markdown
A11: T-010 | B11: Sprint 0 | C11: Planning & Architecture | D11: Security | E11: Documentation | F11: Lập Permission Matrix | G11: Xác định Guest/User/Trainer/Admin được phép làm gì. | H11: Must Have | I11: Not Started | J11: T-009 | K11: Mỗi API/feature có role được phép truy cập. | L11: Permission Matrix sheet
A12: T-011 | B12: Sprint 0 | C12: Planning & Architecture | D12: UI | E12: Documentation | F12: Lập UI Screen List | G12: Liệt kê màn hình cần làm cho Guest, User, Trainer, Admin. | H12: Should Have | I12: Not Started | J12: T-001 | K12: Có danh sách screen đủ để frontend bắt đầu routing. | L12: Document/Figma
A13: T-012 | B13: Sprint 0 | C13: Planning & Architecture | D13: DevOps | E13: DevOps | F13: Setup repository & branching | G13: Tạo repo, cấu trúc branch main/dev/feature, convention commit. | H13: Must Have | I13: Not Started | J13: T-001 | K13: Repo có README, .gitignore, branch strategy, commit convention. | L13: GitHub
A14: T-013 | B14: Sprint 1 | C14: Authentication & Account | D14: Backend | E14: Backend | F14: Khởi tạo Node/NestJS backend | G14: Tạo project backend, cấu trúc module, config, validation pipe, exception filter. | H14: Must Have | I14: Not Started | J14: T-012 | K14: Backend chạy local, có health check endpoint. | L14: GET /health | M14: Nếu dùng Express thuần thì giữ cấu trúc module tương đương.
A15: T-014 | B15: Sprint 1 | C15: Authentication & Account | D15: Frontend | E15: Frontend | F15: Khởi tạo React frontend | G15: Tạo project React, routing, layout cơ bản, env config, API client. | H15: Must Have | I15: Not Started | J15: T-012 | K15: Frontend chạy local, có layout Guest/Auth/App/Admin cơ bản. | L15: React routes
A16: T-015 | B16: Sprint 1 | C16: Authentication & Account | D16: Database | E16: Database | F16: Setup Supabase PostgreSQL | G16: Tạo project DB, cấu hình connection, migration workflow. | H16: Must Have | I16: Not Started | J16: T-013 | K16: Backend kết nối DB thành công qua env, không hardcode secret. | L16: Database
A17: T-016 | B17: Sprint 1 | C17: Authentication & Account | D17: Cache | E17: DevOps | F17: Setup Redis | G17: Cấu hình Redis cho session/token/rate limit. | H17: Must Have | I17: Not Started | J17: T-013 | K17: Backend kết nối Redis thành công và có service wrapper. | L17: Redis
A18: T-017 | B18: Sprint 1 | C18: Authentication & Account | D18: Database | E18: Database | F18: Tạo bảng app_users | G18: Tạo migration cho app_users gồm email, password_hash, role, status, profile fields. | H18: Must Have | I18: Not Started | J18: T-015 | K18: Bảng có unique email, enum role/status, timestamps. | L18: DB migration
A19: T-018 | B19: Sprint 1 | C19: Authentication & Account | D19: Database | E19: Database | F19: Tạo bảng user_sessions và token tables | G19: Tạo user_sessions, password_reset_tokens, email_verification_tokens lưu hash token. | H19: Must Have | I19: Not Started | J19: T-017 | K19: Các token lưu hash, có expires_at, index user_id/token_hash. | L19: DB migration
A20: T-019 | B20: Sprint 1 | C20: Authentication & Account | D20: Backend | E20: Backend | F20: Implement password hashing | G20: Tích hợp bcrypt/argon2 để hash và verify password. | H20: Must Have | I20: Not Started | J20: T-013 | K20: Password không bao giờ lưu plain text; verify đúng/sai hoạt động. | L20: AuthService
A21: T-020 | B21: Sprint 1 | C21: Authentication & Account | D21: Backend | E21: Backend | F21: Implement Register API | G21: Cho phép Guest đăng ký tài khoản user/trainer theo rule. | H21: Must Have | I21: Not Started | J21: T-017,T-019 | K21: Validate email/password, không trùng email, tạo user status pending_verification hoặc active tùy scope. | L21: POST /auth/register
A22: T-021 | B22: Sprint 1 | C22: Authentication & Account | D22: Backend | E22: Backend | F22: Implement Login API | G22: Xác thực email/password, kiểm tra status, sinh JWT access token và refresh token. | H22: Must Have | I22: Not Started | J22: T-018,T-019 | K22: Login thành công trả token; sai credential/status locked trả lỗi chuẩn. | L22: POST /auth/login
A23: T-022 | B23: Sprint 1 | C23: Authentication & Account | D23: Backend | E23: Backend | F23: Implement Refresh Token API | G23: Dùng refresh token để cấp access token mới, token lưu hash. | H23: Must Have | I23: Not Started | J23: T-021 | K23: Refresh hợp lệ trả access token mới; token hết hạn hoặc revoked trả 401. | L23: POST /auth/refresh
A24: T-023 | B24: Sprint 1 | C24: Authentication & Account | D24: Backend | E24: Backend | F24: Implement Logout API | G24: Thu hồi session/refresh token hiện tại. | H24: Must Have | I24: Not Started | J24: T-021 | K24: Logout xóa/revoke session; token cũ không refresh được nữa. | L24: POST /auth/logout
A25: T-024 | B25: Sprint 1 | C25: Authentication & Account | D25: Backend | E25: Backend | F25: Implement RBAC Guard | G25: Middleware/guard kiểm tra role cho API. | H25: Must Have | I25: Not Started | J25: T-021 | K25: API protected chặn user không đúng role; test ít nhất User/Trainer/Admin. | L25: AuthGuard/RolesGuard
A26: T-025 | B26: Sprint 1 | C26: Authentication & Account | D26: Frontend | E26: Frontend | F26: Login/Register UI | G26: Xây form đăng nhập/đăng ký, validation, gọi API, lưu token an toàn. | H26: Must Have | I26: Not Started | J26: T-014,T-020,T-021 | K26: User có thể register/login từ frontend; hiển thị lỗi rõ ràng. | L26: /login, /register
... A76: T-075 | B76: Sprint 5 | C76: Workout & Polish | D76: Backend | E76: Backend | F76: Workout Plan API | G76: CRUD workout plan và plan items. | H76: Should Have | I76: Not Started | J76: T-074,T-024 | K76: Owner/Trainer đúng quyền có thể tạo/sửa/xem plan theo visibility. | L76: GET/POST/PATCH /workout-plans
A77: T-076 | B77: Sprint 5 | C77: Workout & Polish | D77: Frontend | E77: Frontend | F77: Workout Plan UI | G77: Màn tạo/xem/sửa kế hoạch tập cơ bản. | H77: Could Have | I77: Not Started | J77: T-075 | K77: User tạo plan, thêm exercise vào từng ngày, xem plan. | L77: /workout-plans | M77: Có thể để sau nếu MVP cần gọn.
A78: T-077 | B78: Sprint 5 | C78: Workout & Polish | D78: Frontend | E78: Frontend | F78: Responsive layout polish | G78: Tối ưu UI desktop/mobile cơ bản cho các màn chính. | H78: Should Have | I78: Not Started | J78: T-036,T-064,T-070 | K78: Layout không vỡ ở mobile/tablet/desktop, navigation rõ ràng. | L78: All screens
A79: T-078 | B79: Sprint 5 | C79: Workout & Polish | D79: Backend | E79: Backend | F79: Global error handling & validation | G79: Chuẩn hóa error response, validation message, pagination response. | H79: Must Have | I79: Not Started | J79: T-013 | K79: API lỗi trả format thống nhất; frontend hiển thị được message. | L79: All APIs
A80: T-079 | B80: Sprint 5 | C80: Workout & Polish | D80: Security | E80: Testing | F80: Security checklist | G80: Kiểm tra hash password, RBAC, token expiry, rate limit, sensitive env, SQL injection. | H80: Must Have | I80: Not Started | J80: T-024,T-078 | K80: Checklist pass các điểm bảo mật chính trước demo. | L80: Checklist
A81: T-080 | B81: Sprint 5 | C81: Workout & Polish | D81: Testing | E81: Testing | F81: End-to-end manual test | G81: Test luồng từ Guest -> User -> Trainer -> Admin. | H81: Must Have | I81: Not Started | J81: T-073,T-079 | K81: Có test report cho các flow chính: browse exercise, auth, request trainer, submit/review exercise. | L81: Test report
A82: T-081 | B82: Sprint 5 | C82: Workout & Polish | D82: DevOps | E82: DevOps | F82: Prepare deployment | G82: Chuẩn bị env production/staging, build frontend/backend, seed data, migration guide. | H82: Should Have | I82: Not Started | J82: T-080 | K82: Có hướng dẫn deploy và rollback cơ bản. | L82: Deployment doc
A83: T-082 | B83: Sprint 5 | C83: Workout & Polish | D83: Documentation | E83: Documentation | F83: Cập nhật README & final documentation | G83: Cập nhật hướng dẫn chạy project, cấu trúc folder, env, API, database. | H83: Must Have | I83: Not Started | J83: T-080 | K83: Người khác clone repo có thể chạy local theo README. | L83: README

Sheet Sprint Plan
A1: Sprint | B1: Goal | C1: Key Deliverables | D1: Estimated Hours | E1: Start Date | F1: End Date | G1: Status | H1: Notes
A2: Sprint 0 | B2: Chốt tài liệu tối thiểu trước khi code | C2: MVP scope, backlog, diagrams, ERD, API contract, permission matrix | D2: =SUMIF('Product Backlog'!$B:$B,A2,#REF!) -> #N/A | E2: 46167 | F2: 46173 | G2: Not Started | H2: Có thể làm nhanh trong vài ngày nếu cần.
A3: Sprint 1 | B3: Foundation + Auth | C3: Backend/Frontend setup, DB/Redis, register/login/RBAC/profile | D3: =SUMIF('Product Backlog'!$B:$B,A3,#REF!) -> #N/A | E3: 46174 | F3: 46187 | G3: Not Started
A4: Sprint 2 | B4: Exercise Library | C4: Exercise schema, import ExerciseDB, browse/search/filter/detail/favorite | D4: =SUMIF('Product Backlog'!$B:$B,A4,#REF!) -> #N/A | E4: 46188 | F4: 46201 | G4: Not Started
A5: Sprint 3 | B5: Trainer profile + Connection | C5: Trainer profile/cert, trainer list, send/cancel/approve/reject request | D5: =SUMIF('Product Backlog'!$B:$B,A5,#REF!) -> #N/A | E5: 46202 | F5: 46215 | G5: Not Started
A6: Sprint 4 | B6: Admin Review + Notifications | C6: Notification, audit log, admin user, review cert/exercise | D6: =SUMIF('Product Backlog'!$B:$B,A6,#REF!) -> #N/A | E6: 46216 | F6: 46229 | G6: Not Started
A7: Sprint 5 | B7: Workout + Polish + Deploy | C7: Workout plan, polish UI, validation, testing, deploy docs | D7: =SUMIF('Product Backlog'!$B:$B,A7,#REF!) -> #N/A | E7: 46230 | F7: 46243 | G7: Not Started | H7: Workout có thể đẩy sang sau nếu thiếu thời gian.

Sheet Permission Matrix
A1: Feature / API Area | B1: Guest | C1: User | D1: Trainer | E1: Admin | F1: Notes
A2: Browse Exercise Library | B2: View | C2: View | D2: View | E2: View | F2: Guest chỉ xem active exercises.
A3: View Exercise Detail | B3: View | C3: View | D3: View | E3: View | F3: Không thấy pending/rejected/inactive.
A4: Favorite Exercise | B4: - | C4: Create/Delete/View own | D4: Create/Delete/View own | E4: - | F4: Trainer kế thừa User nhưng Admin không cần favorite.
A5: Register / Login | B5: Create session | C5: - | D5: - | E5: - | F5: Guest đăng ký/đăng nhập để vào hệ thống.
A6: Manage Own Profile | B6: - | C6: Own | D6: Own | E6: Own | F6: Admin profile riêng nếu cần.
A7: Search Trainer | B7: - | C7: View | D7: View | E7: View | F7: Trainer kế thừa User nên có thể xem trainer khác.
A8: Send Trainer Connection Request | B8: - | C8: Create own | D8: Create own | E8: - | F8: Nếu không muốn Trainer gửi request thì chặn ở backend.
A9: Cancel Pending Request | B9: - | C9: Own | D9: Own | E9: - | F9: Chỉ cancel khi status pending.
A10: Review Incoming Connection Request | B10: - | C10: - | D10: Approve/Reject own incoming | E10: - | F10: Trainer có quyền reject kể cả còn capacity.
A11: Manage Connected Users | B11: - | C11: - | D11: View own connected users | E11: - | F11: Không xem user của trainer khác.
A12: Manage Trainer Profile | B12: - | C12: - | D12: Own | E12: View/Moderate | F12: Trainer profile chỉ cho role trainer.
... A18: View Audit Logs | B18: - | C18: - | D18: - | E18: View | F18: Chỉ Admin.

Sheet Dropdowns
A1: Status | B1: Priority | C1: Task Type | D1: Sprint | E1: Epic
A2: Not Started | B2: Must Have | C2: Documentation | D2: Sprint 0 | E2: Planning & Architecture
A3: In Progress | B3: Should Have | C3: Database | D3: Sprint 1 | E3: Authentication & Account
A4: Blocked | B4: Could Have | C4: Backend | D4: Sprint 2 | E4: Exercise Library
A5: Review | B5: Won't Have | C5: Frontend | D5: Sprint 3 | E5: Trainer & Connection
A6: Done | C6: Testing | D6: Sprint 4 | E6: Admin & Review
A7: Cancelled | C7: DevOps | D7: Sprint 5 | E7: Workout & Polish
C8: Bugfix | E8: Notification & Audit

Sheet Sources
A1: Source | B1: Purpose | C1: URL / Note
A2: Problem Statement | B2: Scope, actors, MVP, exercise data shape, business flows | C2: https://docs.google.com/document/d/1QhoGwGRVwm1vp1KQCsXrBgoqGJxUdZCUx0PWly3TR28
A3: Tóm tắt Schema | B3: Database schema, auth, exercise taxonomy, trainer, notification, audit | C3: https://docs.google.com/document/d/1N2WGRYJBKoHVizYwqMaNoDFnrNtyo-w1apIm96fzPjg
A4: Summary | B4: Architecture decision: Node backend, React frontend, Supabase/PostgreSQL, Redis, AI later | C4: https://docs.google.com/document/d/1kdt7MaE7ghiiy2EjzX2Z0W8qUfMICPVEJzSndsSZ6pw
